mois,type_local,pieces_cat,prix_m2_median,transactions
2021-01,Appartement,Studio,4552.878289473684,7522
2021-01,Appartement,T2,3564.2428571428572,11926
2021-01,Appartement,T3,2937.5,11562
2021-01,Appartement,T4,2477.777777777778,6012
2021-01,Appartement,T5+,2334.8909657320874,1896
2021-01,Appartement,Tous,3260.8695652173915,38978
2021-01,Maison,Studio,2935.064935064935,1787
2021-01,Maison,T2,2000.0,4036
2021-01,Maison,T3,1937.0833333333335,10238
2021-01,Maison,T4,2027.027027027027,17186
2021-01,Maison,T5+,1923.076923076923,21483
2021-01,Maison,Tous,1982.9545454545455,54791
2021-01,Tous,Studio,4360.0,9309
2021-01,Tous,T2,3207.940251572327,15962
2021-01,Tous,T3,2454.195804195804,21800
2021-01,Tous,T4,2126.865671641791,23198
2021-01,Tous,T5+,1948.5981308411215,23379
2021-01,Tous,Tous,2395.8333333333335,93769
2021-02,Appartement,Studio,4500.0,6954
2021-02,Appartement,T2,3555.5555555555557,11645
2021-02,Appartement,T3,2982.818181818182,11147
2021-02,Appartement,T4,2530.4576376004948,5796
2021-02,Appartement,T5+,2378.9908367494572,1906
2021-02,Appartement,Tous,3272.554112554112,37502
2021-02,Maison,Studio,2288.690476190476,1478
2021-02,Maison,T2,2023.8095238095239,3795
2021-02,Maison,T3,1933.578431372549,9856
2021-02,Maison,T4,2045.4545454545455,16421
2021-02,Maison,T5+,1928.5714285714287,19959
2021-02,Maison,Tous,1980.5194805194806,51581
2021-02,Tous,Studio,4197.826086956522,8432
2021-02,Tous,T2,3202.5276854928015,15440
2021-02,Tous,T3,2459.0163934426228,21003
2021-02,Tous,T4,2154.6099290780144,22217
2021-02,Tous,T5+,1954.542372881356,21865
2021-02,Tous,Tous,2389.43661971831,89083
2021-03,Appartement,Studio,4544.5,8252
2021-03,Appartement,T2,3603.083333333333,14046
2021-03,Appartement,T3,2973.9607493309545,13600
2021-03,Appartement,T4,2477.8761061946902,7039
2021-03,Appartement,T5+,2326.086956521739,2355
2021-03,Appartement,Tous,3260.8695652173915,45360
2021-03,Maison,Studio,2302.5,1676
2021-03,Maison,T2,2089.5522388059703,4476
2021-03,Maison,T3,1969.6969696969697,11383
2021-03,Maison,T4,2062.5,18845
2021-03,Maison,T5+,1932.7731092436975,23581
2021-03,Maison,Tous,2000.0,60055
2021-03,Tous,Studio,4250.0,9928
2021-03,Tous,T2,3260.8695652173915,18522
2021-03,Tous,T3,2500.0,24983
2021-03,Tous,T4,2161.8682684341343,25884
2021-03,Tous,T5+,1956.1713947323897,25936
2021-03,Tous,Tous,2421.978021978022,105415
2021-04,Appartement,Studio,4515.64027370479,8514
2021-04,Appartement,T2,3600.0,14163
2021-04,Appartement,T3,2979.6680790960454,13674
2021-04,Appartement,T4,2500.0,7076
2021-04,Appartement,T5+,2378.0703883495144,2328
2021-04,Appartement,Tous,3278.0193236714977,45830
2021-04,Maison,Studio,2500.0,1728
2021-04,Maison,T2,2133.3333333333335,4502
2021-04,Maison,T3,1943.8202247191011,11701
2021-04,Maison,T4,2050.0,19439
2021-04,Maison,T5+,1950.354609929078,24396
2021-04,Maison,Tous,2000.0,61847
2021-04,Tous,Studio,4250.0,10242
2021-04,Tous,T2,3274.358974358974,18665
2021-04,Tous,T3,2468.0851063829787,25375
2021-04,Tous,T4,2148.7603305785124,26515
2021-04,Tous,T5+,1972.2222222222222,26724
2021-04,Tous,Tous,2410.714285714286,107677
2021-05,Appartement,Studio,4444.444444444444,8327
2021-05,Appartement,T2,3644.4444444444443,14213
2021-05,Appartement,T3,2968.891129032258,13886
2021-05,Appartement,T4,2505.6825519824356,7186
2021-05,Appartement,T5+,2368.900343642612,2356
2021-05,Appartement,Tous,3281.25,46032
2021-05,Maison,Studio,2333.3333333333335,1594
2021-05,Maison,T2,2133.3333333333335,4310
2021-05,Maison,T3,1990.0,11573
2021-05,Maison,T4,2048.1927710843374,19378
2021-05,Maison,T5+,1958.3333333333333,23826
2021-05,Maison,Tous,2000.0,60759
2021-05,Tous,Studio,4190.476190476191,9921
2021-05,Tous,T2,3329.7872340425533,18523
2021-05,Tous,T3,2492.4242424242425,25459
2021-05,Tous,T4,2150.3496503496503,26564
2021-05,Tous,T5+,1983.3333333333333,26182
2021-05,Tous,Tous,2433.3333333333335,106791
2021-06,Appartement,Studio,4583.333333333333,10816
2021-06,Appartement,T2,3651.7021276595747,17955
2021-06,Appartement,T3,3012.0481927710844,17729
2021-06,Appartement,T4,2625.0,9567
2021-06,Appartement,T5+,2531.818181818182,3067
2021-06,Appartement,Tous,3338.970588235294,59235
2021-06,Maison,Studio,2428.5714285714284,2153
2021-06,Maison,T2,2205.8823529411766,5597
2021-06,Maison,T3,2000.0,14708
2021-06,Maison,T4,2127.073863636364,25378
2021-06,Maison,T5+,2032.0,32342
2021-06,Maison,Tous,2072.9166666666665,80283
2021-06,Tous,Studio,4285.714285714285,12969
2021-06,Tous,T2,3335.248447204969,23552
2021-06,Tous,T3,2532.2580645161293,32437
2021-06,Tous,T4,2231.7073170731705,34945
2021-06,Tous,T5+,2057.4712643678163,35409
2021-06,Tous,Tous,2500.0,139518
2021-07,Appartement,Studio,4693.376068376068,10630
2021-07,Appartement,T2,3725.0,17843
2021-07,Appartement,T3,3166.4285714285716,19145
2021-07,Appartement,T4,2771.0843373493976,10350
2021-07,Appartement,T5+,2615.4545454545455,3643
2021-07,Appartement,Tous,3432.8358208955224,61691
2021-07,Maison,Studio,2500.0,2200
2021-07,Maison,T2,2228.6190476190477,5912
2021-07,Maison,T3,2114.285714285714,16833
2021-07,Maison,T4,2211.2676056338028,29786
2021-07,Maison,T5+,2105.2631578947367,40332
2021-07,Maison,Tous,2151.0377358490564,95177
2021-07,Tous,Studio,4404.65367965368,12830
2021-07,Tous,T2,3382.978723404255,23755
2021-07,Tous,T3,2652.919501133787,35978
2021-07,Tous,T4,2318.181818181818,40136
2021-07,Tous,T5+,2132.3529411764707,43975
2021-07,Tous,Tous,2538.4615384615386,156868
2021-08,Appartement,Studio,4272.077922077922,6922
2021-08,Appartement,T2,3523.809523809524,11266
2021-08,Appartement,T3,3048.913043478261,11969
2021-08,Appartement,T4,2621.3204373423046,6532
2021-08,Appartement,T5+,2500.0,2067
2021-08,Appartement,Tous,3254.5983086680762,38820
2021-08,Maison,Studio,2500.0,1528
2021-08,Maison,T2,2263.157894736842,4046
2021-08,Maison,T3,2096.875,11315
2021-08,Maison,T4,2213.5416666666665,20501
2021-08,Maison,T5+,2132.867132867133,27903
2021-08,Maison,Tous,2163.265306122449,65379
2021-08,Tous,Studio,4038.4615384615386,8450
2021-08,Tous,T2,3250.0,15312
2021-08,Tous,T3,2576.086956521739,23284
2021-08,Tous,T4,2291.6666666666665,27033
2021-08,Tous,T5+,2149.4330218068535,29970
2021-08,Tous,Tous,2486.4864864864867,104199
2021-09,Appartement,Studio,4732.5,10411
2021-09,Appartement,T2,3809.5238095238096,17386
2021-09,Appartement,T3,3150.835421888053,16622
2021-09,Appartement,T4,2705.8823529411766,8523
2021-09,Appartement,T5+,2605.5555555555557,2747
2021-09,Appartement,Tous,3500.0,55770
2021-09,Maison,Studio,2692.3076923076924,1983
2021-09,Maison,T2,2205.8823529411766,5315
2021-09,Maison,T3,2071.4285714285716,14062
2021-09,Maison,T4,2198.021978021978,23683
2021-09,Maison,T5+,2100.8233938736785,29502
2021-09,Maison,Tous,2142.8571428571427,74628
2021-09,Tous,Studio,4476.4874551971325,12394
2021-09,Tous,T2,3492.6470588235293,22701
2021-09,Tous,T3,2633.0128205128203,30684
2021-09,Tous,T4,2302.238059514879,32206
2021-09,Tous,T5+,2131.1475409836066,32249
2021-09,Tous,Tous,2600.0,130398
2021-10,Appartement,Studio,4705.882352941177,8790
2021-10,Appartement,T2,3822.295321637427,14446
2021-10,Appartement,T3,3157.8947368421054,14666
2021-10,Appartement,T4,2739.72602739726,7503
2021-10,Appartement,T5+,2692.3076923076924,2571
2021-10,Appartement,Tous,3500.0,48077
2021-10,Maison,Studio,2363.6363636363635,2003
2021-10,Maison,T2,2135.4072398190046,4788
2021-10,Maison,T3,2106.0661764705883,12892
2021-10,Maison,T4,2222.222222222222,21502
2021-10,Maison,T5+,2122.411989795918,26174
2021-10,Maison,Tous,2159.090909090909,67476
2021-10,Tous,Studio,4375.0,10793
2021-10,Tous,T2,3435.0742311770946,19234
2021-10,Tous,T3,2642.4812030075186,27558
2021-10,Tous,T4,2321.8390804597702,29005
2021-10,Tous,T5+,2155.9633027522937,28745
2021-10,Tous,Tous,2596.6666666666665,115553
2021-11,Appartement,Studio,4561.25,7500
2021-11,Appartement,T2,3725.4901960784314,12618
2021-11,Appartement,T3,3137.9310344827586,12165
2021-11,Appartement,T4,2697.3684210526317,6129
2021-11,Appartement,T5+,2485.8395833333334,1978
2021-11,Appartement,Tous,3434.782608695652,40447
2021-11,Maison,Studio,2500.0,1659
2021-11,Maison,T2,2159.814814814815,4258
2021-11,Maison,T3,2076.923076923077,11091
2021-11,Maison,T4,2165.0,17669
2021-11,Maison,T5+,2063.328737937085,21374
2021-11,Maison,Tous,2111.1111111111113,56142
2021-11,Tous,Studio,4250.0,9159
2021-11,Tous,T2,3361.406619385343,16876
2021-11,Tous,T3,2609.1221669430624,23256
2021-11,Tous,T4,2272.7272727272725,23798
2021-11,Tous,T5+,2085.867895545315,23352
2021-11,Tous,Tous,2556.0975609756097,96589
2021-12,Appartement,Studio,4642.857142857143,10603
2021-12,Appartement,T2,3782.608695652174,17109
2021-12,Appartement,T3,3125.0,16727
2021-12,Appartement,T4,2634.9056603773583,8439
2021-12,Appartement,T5+,2639.8928571428573,2869
2021-12,Appartement,Tous,3473.684210526316,55824
2021-12,Maison,Studio,2311.6666666666665,2151
2021-12,Maison,T2,2200.0,5592
2021-12,Maison,T3,2071.7798594847773,14646
2021-12,Maison,T4,2164.9484536082473,23379
2021-12,Maison,T5+,2056.910569105691,27819
2021-12,Maison,Tous,2109.8901098901097,73710
2021-12,Tous,Studio,4324.324324324324,12754
2021-12,Tous,T2,3418.6046511627906,22701
2021-12,Tous,T3,2606.55737704918,31373
2021-12,Tous,T4,2265.0602409638554,31818
2021-12,Tous,T5+,2092.1259842519685,30688
2021-12,Tous,Tous,2566.1882352941175,129534
2022-01,Appartement,Studio,4687.5,7412
2022-01,Appartement,T2,3809.5238095238096,12538
2022-01,Appartement,T3,3155.1724137931033,12209
2022-01,Appartement,T4,2716.9316375198728,6416
2022-01,Appartement,T5+,2648.2139355742297,1942
2022-01,Appartement,Tous,3484.848484848485,40579
2022-01,Maison,Studio,2600.0,1515
2022-01,Maison,T2,2181.818181818182,3936
2022-01,Maison,T3,2066.6666666666665,10225
2022-01,Maison,T4,2223.3805668016194,16832
2022-01,Maison,T5+,2134.502923976608,20021
2022-01,Maison,Tous,2162.962962962963,52629
2022-01,Tous,Studio,4375.0,8927
2022-01,Tous,T2,3478.2608695652175,16474
2022-01,Tous,T3,2640.625,22434
2022-01,Tous,T4,2336.5916460041963,23248
2022-01,Tous,T5+,2161.3438735177865,21963
2022-01,Tous,Tous,2623.762376237624,93208
2022-02,Appartement,Studio,4636.363636363636,7395
2022-02,Appartement,T2,3823.529411764706,12981
2022-02,Appartement,T3,3126.5530303030305,12426
2022-02,Appartement,T4,2695.060975609756,6452
2022-02,Appartement,T5+,2568.9973462559133,2004
2022-02,Appartement,Tous,3461.5384615384614,41328
2022-02,Maison,Studio,2211.4285714285716,1619
2022-02,Maison,T2,2236.3636363636365,3999
2022-02,Maison,T3,2138.4146341463415,10561
2022-02,Maison,T4,2226.5625,17079
2022-02,Maison,T5+,2122.6415094339623,20103
2022-02,Maison,Tous,2167.6666666666665,53421
2022-02,Tous,Studio,4298.25,9014
2022-02,Tous,T2,3484.848484848485,16980
2022-02,Tous,T3,2664.6341463414633,22987
2022-02,Tous,T4,2323.904522613065,23531
2022-02,Tous,T5+,2152.1739130434785,22107
2022-02,Tous,Tous,2625.0,94749
2022-03,Appartement,Studio,4620.3448275862065,9650
2022-03,Appartement,T2,3804.3478260869565,15747
2022-03,Appartement,T3,3136.3636363636365,15110
2022-03,Appartement,T4,2666.6666666666665,7869
2022-03,Appartement,T5+,2655.433628318584,2442
2022-03,Appartement,Tous,3461.5384615384614,50905
2022-03,Maison,Studio,2509.259259259259,1860
2022-03,Maison,T2,2166.6666666666665,4765
2022-03,Maison,T3,2064.6782178217823,12360
2022-03,Maison,T4,2222.4533333333334,19907
2022-03,Maison,T5+,2131.901108269395,23596
2022-03,Maison,Tous,2158.60162601626,62582
2022-03,Tous,Studio,4375.0,11510
2022-03,Tous,T2,3461.5384615384614,20512
2022-03,Tous,T3,2631.5789473684213,27470
2022-03,Tous,T4,2330.097087378641,27776
2022-03,Tous,T5+,2166.6666666666665,26038
2022-03,Tous,Tous,2636.4341085271317,113487
2022-04,Appartement,Studio,4700.0,8373
2022-04,Appartement,T2,3827.450980392157,14115
2022-04,Appartement,T3,3216.6666666666665,13619
2022-04,Appartement,T4,2768.2926829268295,7109
2022-04,Appartement,T5+,2653.683628318584,2376
2022-04,Appartement,Tous,3529.4117647058824,45660
2022-04,Maison,Studio,2300.0,1720
2022-04,Maison,T2,2244.8979591836733,4258
2022-04,Maison,T3,2133.035714285714,11017
2022-04,Maison,T4,2246.376811594203,18132
2022-04,Maison,T5+,2138.1407272727274,21719
2022-04,Maison,Tous,2183.3333333333335,56913
2022-04,Tous,Studio,4347.826086956522,10093
2022-04,Tous,T2,3510.6382978723404,18373
2022-04,Tous,T3,2708.597046413502,24636
2022-04,Tous,T4,2365.4166666666665,25241
2022-04,Tous,T5+,2170.103092783505,24095
2022-04,Tous,Tous,2673.913043478261,102573
2022-05,Appartement,Studio,4785.714285714285,9274
2022-05,Appartement,T2,3833.3333333333335,15310
2022-05,Appartement,T3,3168.75,15053
2022-05,Appartement,T4,2717.6470588235293,7897
2022-05,Appartement,T5+,2645.3684922244756,2464
2022-05,Appartement,Tous,3519.5441813088873,50076
2022-05,Maison,Studio,3553.985507246377,1966
2022-05,Maison,T2,2278.481012658228,4395
2022-05,Maison,T3,2139.1304347826085,11631
2022-05,Maison,T4,2261.5384615384614,19185
2022-05,Maison,T5+,2161.0169491525426,22660
2022-05,Maison,Tous,2215.4761904761904,59911
2022-05,Tous,Studio,4629.62962962963,11240
2022-05,Tous,T2,3510.6382978723404,19705
2022-05,Tous,T3,2703.703703703704,26684
2022-05,Tous,T4,2375.0,27082
2022-05,Tous,T5+,2195.938144329897,25124
2022-05,Tous,Tous,2702.7027027027025,109987
2022-06,Appartement,Studio,4944.646464646465,10414
2022-06,Appartement,T2,3934.3478260869565,17404
2022-06,Appartement,T3,3298.2222222222226,17168
2022-06,Appartement,T4,2766.5570175438597,8824
2022-06,Appartement,T5+,2755.1020408163267,2867
2022-06,Appartement,Tous,3612.9032258064517,56782
2022-06,Maison,Studio,2603.481012658228,1894
2022-06,Maison,T2,2333.3333333333335,5078
2022-06,Maison,T3,2205.8823529411766,13397
2022-06,Maison,T4,2291.6666666666665,22501
2022-06,Maison,T5+,2197.6744186046512,27519
2022-06,Maison,Tous,2241.841528343251,70480
2022-06,Tous,Studio,4600.0,12308
2022-06,Tous,T2,3600.0,22482
2022-06,Tous,T3,2788.4615384615386,30565
2022-06,Tous,T4,2398.8888888888887,31325
2022-06,Tous,T5+,2233.239700374532,30386
2022-06,Tous,Tous,2727.2727272727275,127262
2022-07,Appartement,Studio,4814.814814814815,10134
2022-07,Appartement,T2,4000.0,16938
2022-07,Appartement,T3,3392.8571428571427,17193
2022-07,Appartement,T4,2918.6138211382113,9360
2022-07,Appartement,T5+,2905.5555555555557,3151
2022-07,Appartement,Tous,3678.9156626506024,56875
2022-07,Maison,Studio,2701.3513513513512,2148
2022-07,Maison,T2,2333.3333333333335,5237
2022-07,Maison,T3,2276.101987899741,14374
2022-07,Maison,T4,2375.0,25884
2022-07,Maison,T5+,2303.921568627451,33488
2022-07,Maison,Tous,2333.3333333333335,81229
2022-07,Tous,Studio,4516.129032258064,12282
2022-07,Tous,T2,3666.6666666666665,22175
2022-07,Tous,T3,2860.909090909091,31567
2022-07,Tous,T4,2484.8,35244
2022-07,Tous,T5+,2338.0281690140846,36639
2022-07,Tous,Tous,2777.777777777778,138104
2022-08,Appartement,Studio,4636.363636363636,6993
2022-08,Appartement,T2,3779.4544518785383,11452
2022-08,Appartement,T3,3205.3846153846152,11555
2022-08,Appartement,T4,2777.777777777778,6169
2022-08,Appartement,T5+,2656.6964285714284,1875
2022-08,Appartement,Tous,3484.848484848485,38101
2022-08,Maison,Studio,2597.6190476190477,1480
2022-08,Maison,T2,2403.921568627451,3885
2022-08,Maison,T3,2252.2995522995525,10518
2022-08,Maison,T4,2387.0831403427514,18944
2022-08,Maison,T5+,2272.7272727272725,23824
2022-08,Maison,Tous,2318.181818181818,58726
2022-08,Tous,Studio,4372.0,8473
2022-08,Tous,T2,3462.5,15337
2022-08,Tous,T3,2739.43661971831,22073
2022-08,Tous,T4,2457.7464788732395,25113
2022-08,Tous,T5+,2289.2156862745096,25699
2022-08,Tous,Tous,2685.714285714286,96827
2022-09,Appartement,Studio,4922.727272727273,10153
2022-09,Appartement,T2,4021.7391304347825,16979
2022-09,Appartement,T3,3345.1612903225805,16345
2022-09,Appartement,T4,2870.6188681830636,8146
2022-09,Appartement,T5+,2835.4834234984046,2538
2022-09,Appartement,Tous,3700.498842105263,54264
2022-09,Maison,Studio,2826.6666666666665,1907
2022-09,Maison,T2,2364.613880742913,4876
2022-09,Maison,T3,2270.8333333333335,13338
2022-09,Maison,T4,2379.042610571737,21806
2022-09,Maison,T5+,2265.3061224489797,26535
2022-09,Maison,Tous,2320.211267605634,68546
2022-09,Tous,Studio,4629.168981481482,12060
2022-09,Tous,T2,3696.0526315789475,21855
2022-09,Tous,T3,2841.2698412698414,29683
2022-09,Tous,T4,2500.0,29952
2022-09,Tous,T5+,2300.0,29073
2022-09,Tous,Tous,2810.7228657228657,122810
2022-10,Appartement,Studio,4827.586206896552,8080
2022-10,Appartement,T2,3977.2727272727275,13644
2022-10,Appartement,T3,3375.3521126760565,13061
2022-10,Appartement,T4,2857.1428571428573,6437
2022-10,Appartement,T5+,2800.0,2008
2022-10,Appartement,Tous,3695.0,43301
2022-10,Maison,Studio,2714.285714285714,1671
2022-10,Maison,T2,2338.6691959725667,4346
2022-10,Maison,T3,2250.0,11510
2022-10,Maison,T4,2368.4210526315787,18434
2022-10,Maison,T5+,2255.868329359985,22106
2022-10,Maison,Tous,2301.176470588235,58149
2022-10,Tous,Studio,4534.883720930233,9751
2022-10,Tous,T2,3625.0,17990
2022-10,Tous,T3,2800.0,24571
2022-10,Tous,T4,2472.5274725274726,24871
2022-10,Tous,T5+,2285.714285714286,24114
2022-10,Tous,Tous,2784.9076138897735,101450
2022-11,Appartement,Studio,4883.720930232558,7783
2022-11,Appartement,T2,3922.222222222222,12487
2022-11,Appartement,T3,3307.6923076923076,12107
2022-11,Appartement,T4,2720.5882352941176,5825
2022-11,Appartement,T5+,2735.576923076923,1799
2022-11,Appartement,Tous,3637.9310344827586,40069
2022-11,Maison,Studio,2647.0588235294117,1551
2022-11,Maison,T2,2245.176252319109,4018
2022-11,Maison,T3,2200.0,10224
2022-11,Maison,T4,2331.259259259259,16381
2022-11,Maison,T5+,2227.2363636363634,19258
2022-11,Maison,Tous,2264.1509433962265,51511
2022-11,Tous,Studio,4583.333333333333,9334
2022-11,Tous,T2,3562.5,16505
2022-11,Tous,T3,2746.478873239437,22331
2022-11,Tous,T4,2417.7074579831933,22206
2022-11,Tous,T5+,2255.506607929515,21057
2022-11,Tous,Tous,2743.9024390243903,91580
2022-12,Appartement,Studio,4973.798627002288,10280
2022-12,Appartement,T2,3933.3333333333335,16459
2022-12,Appartement,T3,3341.4634146341464,15749
2022-12,Appartement,T4,2814.780826799715,7782
2022-12,Appartement,T5+,2865.1685393258426,2555
2022-12,Appartement,Tous,3703.731343283582,52941
2022-12,Maison,Studio,2666.6666666666665,1970
2022-12,Maison,T2,2300.0,5040
2022-12,Maison,T3,2192.9824561403507,12684
2022-12,Maison,T4,2314.2974184055647,20004
2022-12,Maison,T5+,2221.225071225071,23780
2022-12,Maison,Tous,2256.25,63568
2022-12,Tous,Studio,4679.375,12250
2022-12,Tous,T2,3600.0,21499
2022-12,Tous,T3,2788.4615384615386,28433
2022-12,Tous,T4,2430.769230769231,27786
2022-12,Tous,T5+,2256.637168141593,26335
2022-12,Tous,Tous,2773.109243697479,116509
2023-01,Appartement,Studio,4868.75,6937
2023-01,Appartement,T2,4000.0,11872
2023-01,Appartement,T3,3321.153846153846,10909
2023-01,Appartement,T4,2805.3167222319707,5538
2023-01,Appartement,T5+,2724.404761904762,1778
2023-01,Appartement,Tous,3665.1567164179105,37098
2023-01,Maison,Studio,2678.409090909091,1356
2023-01,Maison,T2,2238.6363636363635,3569
2023-01,Maison,T3,2260.27397260274,9064
2023-01,Maison,T4,2348.361713106295,14500
2023-01,Maison,T5+,2245.9893048128342,16521
2023-01,Maison,Tous,2291.883445945946,45088
2023-01,Tous,Studio,4562.5,8293
2023-01,Tous,T2,3653.061224489796,15441
2023-01,Tous,T3,2808.8607594936707,19973
2023-01,Tous,T4,2456.4652371669918,20038
2023-01,Tous,T5+,2272.7272727272725,18299
2023-01,Tous,Tous,2793.478260869565,82186
2023-02,Appartement,Studio,4818.181818181818,6720
2023-02,Appartement,T2,3875.0,11109
2023-02,Appartement,T3,3200.0,10664
2023-02,Appartement,T4,2810.4210526315787,5724
2023-02,Appartement,T5+,3186.106687898089,2012
2023-02,Appartement,Tous,3600.0,36304
2023-02,Maison,Studio,2450.0,1401
2023-02,Maison,T2,2343.75,3346
2023-02,Maison,T3,2166.6666666666665,8662
2023-02,Maison,T4,2313.4237349836185,13964
2023-02,Maison,T5+,2223.728813559322,16085
2023-02,Maison,Tous,2255.0,43530
2023-02,Tous,Studio,4473.076923076923,8121
2023-02,Tous,T2,3551.7391304347825,14455
2023-02,Tous,T3,2705.560515873016,19326
2023-02,Tous,T4,2438.00826446281,19688
2023-02,Tous,T5+,2276.785714285714,18097
2023-02,Tous,Tous,2741.935483870968,79834
2023-03,Appartement,Studio,4882.608695652174,8341
2023-03,Appartement,T2,3898.0180533751964,13508
2023-03,Appartement,T3,3181.818181818182,13007
2023-03,Appartement,T4,2676.923076923077,6429
2023-03,Appartement,T5+,2587.3563218390805,2076
2023-03,Appartement,Tous,3565.217391304348,43436
2023-03,Maison,Studio,2611.1111111111113,1629
2023-03,Maison,T2,2230.2018633540374,4020
2023-03,Maison,T3,2123.75,10729
2023-03,Maison,T4,2272.7272727272725,16338
2023-03,Maison,T5+,2166.6666666666665,19047
2023-03,Maison,Tous,2203.191489361702,51827
2023-03,Tous,Studio,4599.642857142857,9970
2023-03,Tous,T2,3554.0860215053763,17528
2023-03,Tous,T3,2676.056338028169,23736
2023-03,Tous,T4,2373.3333333333335,22767
2023-03,Tous,T5+,2191.358024691358,21123
2023-03,Tous,Tous,2708.3333333333335,95263
2023-04,Appartement,Studio,4666.666666666667,6288
2023-04,Appartement,T2,3829.7872340425533,10802
2023-04,Appartement,T3,3210.0107353730546,10220
2023-04,Appartement,T4,2733.3333333333335,5291
2023-04,Appartement,T5+,2720.3344120819847,1770
2023-04,Appartement,Tous,3540.5405405405404,34433
2023-04,Maison,Studio,2343.75,1225
2023-04,Maison,T2,2307.6923076923076,3109
2023-04,Maison,T3,2229.7297297297296,8135
2023-04,Maison,T4,2294.6184210526317,13434
2023-04,Maison,T5+,2182.75,15517
2023-04,Maison,Tous,2242.5438596491226,41491
2023-04,Tous,Studio,4380.952380952381,7513
2023-04,Tous,T2,3533.153846153846,13911
2023-04,Tous,T3,2743.9024390243903,18355
2023-04,Tous,T4,2401.818181818182,18725
2023-04,Tous,T5+,2225.4901960784314,17287
2023-04,Tous,Tous,2717.391304347826,75924
2023-05,Appartement,Studio,4680.0,7361
2023-05,Appartement,T2,3870.669056152927,11954
2023-05,Appartement,T3,3239.43661971831,11481
2023-05,Appartement,T4,2732.9457364341088,5774
2023-05,Appartement,T5+,2684.496567505721,1928
2023-05,Appartement,Tous,3552.6315789473683,38567
2023-05,Maison,Studio,2400.0,1290
2023-05,Maison,T2,2227.083333333333,3466
2023-05,Maison,T3,2157.1428571428573,9134
2023-05,Maison,T4,2304.0,14418
2023-05,Maison,T5+,2119.0476190476193,17085
2023-05,Maison,Tous,2197.6927655677655,45468
2023-05,Tous,Studio,4392.666666666667,8651
2023-05,Tous,T2,3558.712121212121,15420
2023-05,Tous,T3,2733.472222222222,20615
2023-05,Tous,T4,2396.190130624093,20192
2023-05,Tous,T5+,2151.8987341772154,19013
2023-05,Tous,Tous,2714.285714285714,84035
2023-06,Appartement,Studio,4821.428571428572,8838
2023-06,Appartement,T2,3846.153846153846,14634
2023-06,Appartement,T3,3271.186440677966,13941
2023-06,Appartement,T4,2812.8765060240967,7218
2023-06,Appartement,T5+,2620.4141249248214,2246
2023-06,Appartement,Tous,3600.0,46955
2023-06,Maison,Studio,2630.962059620596,1588
2023-06,Maison,T2,2275.9310344827586,4160
2023-06,Maison,T3,2222.222222222222,11071
2023-06,Maison,T4,2335.6068783068786,18156
2023-06,Maison,T5+,2215.909090909091,21599
2023-06,Maison,Tous,2266.6666666666665,56655
2023-06,Tous,Studio,4560.0,10426
2023-06,Tous,T2,3536.9201339072215,18794
2023-06,Tous,T3,2771.1353890136816,25012
2023-06,Tous,T4,2445.230476952305,25374
2023-06,Tous,T5+,2241.3793103448274,23845
2023-06,Tous,Tous,2750.0,103610
2023-07,Appartement,Studio,4687.5,8073
2023-07,Appartement,T2,3875.0,13185
2023-07,Appartement,T3,3333.3333333333335,13055
2023-07,Appartement,T4,2840.3929985155864,6766
2023-07,Appartement,T5+,2825.1489117983965,2260
2023-07,Appartement,Tous,3614.4578313253014,43419
2023-07,Maison,Studio,2538.4615384615386,1611
2023-07,Maison,T2,2363.6363636363635,4043
2023-07,Maison,T3,2211.3942307692305,10656
2023-07,Maison,T4,2367.2941590429273,18834
2023-07,Maison,T5+,2301.4547185780784,23436
2023-07,Maison,Tous,2316.176470588235,58641
2023-07,Tous,Studio,4457.959770114942,9684
2023-07,Tous,T2,3546.372549019608,17228
2023-07,Tous,T3,2800.0,23711
2023-07,Tous,T4,2474.358974358974,25600
2023-07,Tous,T5+,2330.0,25696
2023-07,Tous,Tous,2744.9719101123596,102060
2023-08,Appartement,Studio,4565.217391304348,5801
2023-08,Appartement,T2,3750.0,9056
2023-08,Appartement,T3,3145.945945945946,8707
2023-08,Appartement,T4,2624.187507551045,4468
2023-08,Appartement,T5+,2581.2196261682243,1398
2023-08,Appartement,Tous,3436.3578336557057,29476
2023-08,Maison,Studio,2559.9290780141846,1236
2023-08,Maison,T2,2228.7485648679676,3046
2023-08,Maison,T3,2170.8571428571427,8279
2023-08,Maison,T4,2317.0731707317073,13837
2023-08,Maison,T5+,2216.4292408622305,17006
2023-08,Maison,Tous,2247.9166666666665,43463
2023-08,Tous,Studio,4303.846153846154,7037
2023-08,Tous,T2,3408.6270871985157,12102
2023-08,Tous,T3,2633.936408450704,16986
2023-08,Tous,T4,2380.0,18305
2023-08,Tous,T5+,2231.7956875220925,18404
2023-08,Tous,Tous,2623.076923076923,72939
2023-09,Appartement,Studio,4592.592592592592,7985
2023-09,Appartement,T2,3888.8888888888887,12458
2023-09,Appartement,T3,3253.968253968254,11640
2023-09,Appartement,T4,2807.5226244343894,5882
2023-09,Appartement,T5+,2703.4942084942086,1824
2023-09,Appartement,Tous,3596.4912280701756,39855
2023-09,Maison,Studio,2700.0,1564
2023-09,Maison,T2,2213.344407530454,3888
2023-09,Maison,T3,2172.4137931034484,10175
2023-09,Maison,T4,2283.7663534180947,16226
2023-09,Maison,T5+,2199.090909090909,18916
2023-09,Maison,Tous,2230.769230769231,50840
2023-09,Tous,Studio,4375.0,9549
2023-09,Tous,T2,3488.8888888888887,16346
2023-09,Tous,T3,2716.6666666666665,21815
2023-09,Tous,T4,2397.2602739726026,22108
2023-09,Tous,T5+,2228.2081046855214,20740
2023-09,Tous,Tous,2702.7027027027025,90695
2023-10,Appartement,Studio,4729.047619047619,7133
2023-10,Appartement,T2,3854.1666666666665,11155
2023-10,Appartement,T3,3214.285714285714,10433
2023-10,Appartement,T4,2814.104166666667,5174
2023-10,Appartement,T5+,2789.243487455542,1626
2023-10,Appartement,Tous,3587.5,35601
2023-10,Maison,Studio,2500.0,1400
2023-10,Maison,T2,2256.4102564102564,3715
2023-10,Maison,T3,2166.6666666666665,9429
2023-10,Maison,T4,2247.489310927712,15256
2023-10,Maison,T5+,2176.470588235294,17897
2023-10,Maison,Tous,2208.955223880597,47779
2023-10,Tous,Studio,4423.076923076923,8533
2023-10,Tous,T2,3500.0,14870
2023-10,Tous,T3,2685.5598455598456,19862
2023-10,Tous,T4,2357.1428571428573,20430
2023-10,Tous,T5+,2209.009009009009,19523
2023-10,Tous,Tous,2683.8182395260264,83380
2023-11,Appartement,Studio,4558.823529411765,6117
2023-11,Appartement,T2,3692.3076923076924,9501
2023-11,Appartement,T3,3106.1286636860405,8562
2023-11,Appartement,T4,2597.932651321398,4278
2023-11,Appartement,T5+,2722.222222222222,1319
2023-11,Appartement,Tous,3442.8571428571427,29845
2023-11,Maison,Studio,2300.0,1257
2023-11,Maison,T2,2142.8571428571427,3150
2023-11,Maison,T3,2085.9375,8301
2023-11,Maison,T4,2180.0,12305
2023-11,Maison,T5+,2095.2380952380954,14175
2023-11,Maison,Tous,2127.906976744186,39241
2023-11,Tous,Studio,4230.7692307692305,7374
2023-11,Tous,T2,3340.425531914894,12651
2023-11,Tous,T3,2573.7704918032787,16863
2023-11,Tous,T4,2265.3061224489797,16583
2023-11,Tous,T5+,2127.609314793098,15494
2023-11,Tous,Tous,2583.3333333333335,69086
2023-12,Appartement,Studio,4724.472811671088,8126
2023-12,Appartement,T2,3795.4545454545455,12165
2023-12,Appartement,T3,3125.0,11368
2023-12,Appartement,T4,2710.4941505151037,5734
2023-12,Appartement,T5+,2782.1873050530257,1888
2023-12,Appartement,Tous,3529.4117647058824,39354
2023-12,Maison,Studio,2294.1176470588234,1613
2023-12,Maison,T2,2035.3333333333333,3967
2023-12,Maison,T3,2061.633428300095,10146
2023-12,Maison,T4,2183.709342137442,15582
2023-12,Maison,T5+,2071.03825136612,18382
2023-12,Maison,Tous,2112.8458999746126,49772
2023-12,Tous,Studio,4378.378378378378,9739
2023-12,Tous,T2,3373.546511627907,16132
2023-12,Tous,T3,2593.747790738777,21514
2023-12,Tous,T4,2291.6666666666665,21316
2023-12,Tous,T5+,2110.091743119266,20270
2023-12,Tous,Tous,2595.3164322344323,89126
2024-01,Appartement,Studio,4579.423076923077,5422
2024-01,Appartement,T2,3820.0,8635
2024-01,Appartement,T3,3103.448275862069,7983
2024-01,Appartement,T4,2673.684210526316,4109
2024-01,Appartement,T5+,2513.211647109952,1280
2024-01,Appartement,Tous,3478.2608695652175,27476
2024-01,Maison,Studio,2148.54,1155
2024-01,Maison,T2,2068.9655172413795,2828
2024-01,Maison,T3,2103.896103896104,6980
2024-01,Maison,T4,2209.7014925373132,11313
2024-01,Maison,T5+,2135.0697674418607,13043
2024-01,Maison,Tous,2150.0,35394
2024-01,Tous,Studio,4250.0,6577
2024-01,Tous,T2,3414.6341463414633,11463
2024-01,Tous,T3,2625.0,14963
2024-01,Tous,T4,2303.584127435642,15422
2024-01,Tous,T5+,2160.0,14323
2024-01,Tous,Tous,2611.1111111111113,62870
2024-02,Appartement,Studio,4561.737804878048,5404
2024-02,Appartement,T2,3696.4285714285716,8749
2024-02,Appartement,T3,3040.5405405405404,8127
2024-02,Appartement,T4,2567.5675675675675,4081
2024-02,Appartement,T5+,2434.0952260352033,1240
2024-02,Appartement,Tous,3387.0967741935483,27649
2024-02,Maison,Studio,2250.0,1108
2024-02,Maison,T2,2127.659574468085,2769
2024-02,Maison,T3,2060.810810810811,7199
2024-02,Maison,T4,2183.673469387755,10979
2024-02,Maison,T5+,2073.394495412844,12783
2024-02,Maison,Tous,2115.075630252101,34884
2024-02,Tous,Studio,4200.0,6512
2024-02,Tous,T2,3333.3333333333335,11518
2024-02,Tous,T3,2521.277665995976,15326
2024-02,Tous,T4,2268.9646510778225,15060
2024-02,Tous,T5+,2094.8275862068967,14023
2024-02,Tous,Tous,2545.4545454545455,62533
2024-03,Appartement,Studio,4712.698412698413,6116
2024-03,Appartement,T2,3785.714285714286,9702
2024-03,Appartement,T3,3124.1369863013697,8837
2024-03,Appartement,T4,2700.657894736842,4670
2024-03,Appartement,T5+,2548.076923076923,1518
2024-03,Appartement,Tous,3490.113636363636,30894
2024-03,Maison,Studio,2418.3673469387754,1197
2024-03,Maison,T2,2073.470611755298,2876
2024-03,Maison,T3,2080.0114220445457,7432
2024-03,Maison,T4,2166.6666666666665,11443
2024-03,Maison,T5+,2089.578099601005,13512
2024-03,Maison,Tous,2117.2252252252256,36530
2024-03,Tous,Studio,4391.666666666667,7313
2024-03,Tous,T2,3397.7041866849695,12578
2024-03,Tous,T3,2600.0,16269
2024-03,Tous,T4,2285.714285714286,16113
2024-03,Tous,T5+,2114.176640926641,15030
2024-03,Tous,Tous,2608.695652173913,67424
2024-04,Appartement,Studio,4733.333333333333,6377
2024-04,Appartement,T2,3780.487804878049,9743
2024-04,Appartement,T3,3093.0028735632186,9132
2024-04,Appartement,T4,2644.6260997067448,4770
2024-04,Appartement,T5+,2597.4025974025976,1473
2024-04,Appartement,Tous,3480.0,31549
2024-04,Maison,Studio,2241.3793103448274,1211
2024-04,Maison,T2,2103.1746031746034,3037
2024-04,Maison,T3,2063.4920634920636,7829
2024-04,Maison,T4,2181.818181818182,12165
2024-04,Maison,T5+,2062.264150943396,14255
2024-04,Maison,Tous,2110.236220472441,38559
2024-04,Tous,Studio,4414.2156862745105,7588
2024-04,Tous,T2,3409.090909090909,12780
2024-04,Tous,T3,2604.464285714286,16961
2024-04,Tous,T4,2289.156626506024,16935
2024-04,Tous,T5+,2100.0,15728
2024-04,Tous,Tous,2588.235294117647,70108
2024-05,Appartement,Studio,4523.809523809524,6073
2024-05,Appartement,T2,3764.285714285714,9579
2024-05,Appartement,T3,3128.4749034749034,8986
2024-05,Appartement,T4,2608.695652173913,4601
2024-05,Appartement,T5+,2464.285714285714,1535
2024-05,Appartement,Tous,3445.0,30833
2024-05,Maison,Studio,2462.566844919786,1214
2024-05,Maison,T2,2166.6666666666665,2843
2024-05,Maison,T3,2083.3333333333335,7369
2024-05,Maison,T4,2205.3038285915,11986
2024-05,Maison,T5+,2100.840336134454,14049
2024-05,Maison,Tous,2137.808585503167,37518
2024-05,Tous,Studio,4238.0952380952385,7287
2024-05,Tous,T2,3414.6341463414633,12422
2024-05,Tous,T3,2619.0476190476193,16355
2024-05,Tous,T4,2301.1494252873563,16587
2024-05,Tous,T5+,2121.3203463203463,15584
2024-05,Tous,Tous,2610.1265822784812,68351
2024-06,Appartement,Studio,4703.536414565826,7032
2024-06,Appartement,T2,3760.4166666666665,11135
2024-06,Appartement,T3,3120.477636363636,10525
2024-06,Appartement,T4,2711.864406779661,5477
2024-06,Appartement,T5+,2578.9473684210525,1793
2024-06,Appartement,Tous,3466.6666666666665,36000
2024-06,Maison,Studio,2695.630081300813,1288
2024-06,Maison,T2,2111.1111111111113,3166
2024-06,Maison,T3,2045.4545454545455,8829
2024-06,Maison,T4,2236.413043478261,14963
2024-06,Maison,T5+,2120.1923076923076,17320
2024-06,Maison,Tous,2155.372605615324,45642
2024-06,Tous,Studio,4400.0,8320
2024-06,Tous,T2,3437.5,14301
2024-06,Tous,T3,2600.0,19354
2024-06,Tous,T4,2336.223986856517,20440
2024-06,Tous,T5+,2150.6849315068494,19113
2024-06,Tous,Tous,2608.695652173913,81642
2024-07,Appartement,Studio,4777.777777777777,8330
2024-07,Appartement,T2,3766.6666666666665,12820
2024-07,Appartement,T3,3184.917692307692,12410
2024-07,Appartement,T4,2741.3793103448274,6803
2024-07,Appartement,T5+,2702.4793388429753,2217
2024-07,Appartement,Tous,3507.042253521127,42664
2024-07,Maison,Studio,2566.639633333333,1526
2024-07,Maison,T2,2200.0,4120
2024-07,Maison,T3,2177.994584262504,11044
2024-07,Maison,T4,2291.826923076923,18907
2024-07,Maison,T5+,2179.060606060606,24144
2024-07,Maison,Tous,2223.4586466165415,59805
2024-07,Tous,Studio,4500.0,9856
2024-07,Tous,T2,3437.5,16940
2024-07,Tous,T3,2665.370927318296,23454
2024-07,Tous,T4,2386.459129106188,25710
2024-07,Tous,T5+,2208.3333333333335,26361
2024-07,Tous,Tous,2631.5789473684213,102469
2024-08,Appartement,Studio,4333.333333333333,5033
2024-08,Appartement,T2,3625.0,7800
2024-08,Appartement,T3,3071.4285714285716,7647
2024-08,Appartement,T4,2554.9516908212563,4016
2024-08,Appartement,T5+,2482.1428571428573,1231
2024-08,Appartement,Tous,3323.4530175706645,25774
2024-08,Maison,Studio,2638.8888888888887,1127
2024-08,Maison,T2,2166.6666666666665,2805
2024-08,Maison,T3,2149.532710280374,7905
2024-08,Maison,T4,2272.7272727272725,13741
2024-08,Maison,T5+,2148.1481481481483,17011
2024-08,Maison,Tous,2196.969696969697,42662
2024-08,Tous,Studio,4129.0,6160
2024-08,Tous,T2,3288.4615384615386,10605
2024-08,Tous,T3,2588.235294117647,15552
2024-08,Tous,T4,2323.6633663366338,17757
2024-08,Tous,T5+,2163.591466978375,18242
2024-08,Tous,Tous,2526.785714285714,68436
2024-09,Appartement,Studio,4714.285714285715,7527
2024-09,Appartement,T2,3918.0,11955
2024-09,Appartement,T3,3166.6666666666665,11165
2024-09,Appartement,T4,2752.212389380531,5729
2024-09,Appartement,T5+,2714.285714285714,1824
2024-09,Appartement,Tous,3558.1681476418316,38266
2024-09,Maison,Studio,2350.4273504273506,1399
2024-09,Maison,T2,2219.375,3556
2024-09,Maison,T3,2166.6666666666665,9884
2024-09,Maison,T4,2246.9135802469136,15913
2024-09,Maison,T5+,2156.8627450980393,19248
2024-09,Maison,Tous,2196.969696969697,50067
2024-09,Tous,Studio,4422.064777327935,8926
2024-09,Tous,T2,3541.6666666666665,15511
2024-09,Tous,T3,2654.5454545454545,21049
2024-09,Tous,T4,2352.9411764705883,21642
2024-09,Tous,T5+,2187.5,21072
2024-09,Tous,Tous,2650.0,88333
2024-10,Appartement,Studio,4705.882352941177,7046
2024-10,Appartement,T2,3846.153846153846,11663
2024-10,Appartement,T3,3185.1843722563654,10934
2024-10,Appartement,T4,2718.3098591549297,5719
2024-10,Appartement,T5+,2613.6363636363635,1652
2024-10,Appartement,Tous,3529.4117647058824,37082
2024-10,Maison,Studio,2324.8671782762694,1424
2024-10,Maison,T2,2277.777777777778,3661
2024-10,Maison,T3,2137.8205128205127,9837
2024-10,Maison,T4,2231.6666666666665,16047
2024-10,Maison,T5+,2117.188612099644,19469
2024-10,Maison,Tous,2171.4285714285716,50519
2024-10,Tous,Studio,4347.826086956522,8470
2024-10,Tous,T2,3489.284085727314,15324
2024-10,Tous,T3,2672.1311475409834,20771
2024-10,Tous,T4,2348.245073891626,21766
2024-10,Tous,T5+,2144.1717791411043,21121
2024-10,Tous,Tous,2620.967741935484,87601
2024-11,Appartement,Studio,4532.291666666666,5816
2024-11,Appartement,T2,3784.2006269592475,9086
2024-11,Appartement,T3,3079.6296296296296,8699
2024-11,Appartement,T4,2668.5714285714284,4322
2024-11,Appartement,T5+,2641.509433962264,1387
2024-11,Appartement,Tous,3448.9795918367345,29359
2024-11,Maison,Studio,2500.0,1295
2024-11,Maison,T2,2222.222222222222,3045
2024-11,Maison,T3,2065.217391304348,8066
2024-11,Maison,T4,2200.0,12838
2024-11,Maison,T5+,2100.0,15094
2024-11,Maison,Tous,2137.7245508982037,40403
2024-11,Tous,Studio,4192.307692307692,7111
2024-11,Tous,T2,3416.6666666666665,12131
2024-11,Tous,T3,2541.25,16765
2024-11,Tous,T4,2287.5,17160
2024-11,Tous,T5+,2126.2916666666665,16481
2024-11,Tous,Tous,2560.3120548896995,69762
2024-12,Appartement,Studio,4605.263157894737,8511
2024-12,Appartement,T2,3794.1176470588234,13319
2024-12,Appartement,T3,3103.448275862069,12824
2024-12,Appartement,T4,2666.6666666666665,6359
2024-12,Appartement,T5+,2616.6923076923076,1966
2024-12,Appartement,Tous,3458.4655303030304,43034
2024-12,Maison,Studio,2500.0,1626
2024-12,Maison,T2,2200.0,4226
2024-12,Maison,T3,2072.1846846846847,11354
2024-12,Maison,T4,2182.519841269841,18218
2024-12,Maison,T5+,2082.153846153846,21456
2024-12,Maison,Tous,2125.6880733944954,56967
2024-12,Tous,Studio,4312.5,10137
2024-12,Tous,T2,3452.3809523809523,17545
2024-12,Tous,T3,2578.125,24178
2024-12,Tous,T4,2282.098765432099,24577
2024-12,Tous,T5+,2105.4054054054054,23422
2024-12,Tous,Tous,2565.217391304348,100001
2025-01,Appartement,Studio,4569.615384615385,5885
2025-01,Appartement,T2,3750.0,9867
2025-01,Appartement,T3,3138.3333333333335,9186
2025-01,Appartement,T4,2677.1780303030305,4694
2025-01,Appartement,T5+,2504.854368932039,1529
2025-01,Appartement,Tous,3454.5454545454545,31201
2025-01,Maison,Studio,2518.5185185185187,1107
2025-01,Maison,T2,2162.162162162162,2987
2025-01,Maison,T3,2156.521739130435,7937
2025-01,Maison,T4,2237.9310344827586,13171
2025-01,Maison,T5+,2115.0,15201
2025-01,Maison,Tous,2174.21875,40453
2025-01,Tous,Studio,4285.714285714285,6992
2025-01,Tous,T2,3421.0526315789475,12854
2025-01,Tous,T3,2666.6666666666665,17123
2025-01,Tous,T4,2336.448598130841,17865
2025-01,Tous,T5+,2140.121951219512,16730
2025-01,Tous,Tous,2619.314143567875,71654
2025-02,Appartement,Studio,4564.659977703456,5898
2025-02,Appartement,T2,3730.22,9655
2025-02,Appartement,T3,3093.75,9513
2025-02,Appartement,T4,2638.8888888888887,4743
2025-02,Appartement,T5+,2602.410543287082,1468
2025-02,Appartement,Tous,3413.6964285714284,31330
2025-02,Maison,Studio,2578.9473684210525,1117
2025-02,Maison,T2,2222.222222222222,2949
2025-02,Maison,T3,2148.7272727272725,7759
2025-02,Maison,T4,2250.0,13039
2025-02,Maison,T5+,2113.2075471698113,15315
2025-02,Maison,Tous,2177.777777777778,40233
2025-02,Tous,Studio,4315.789473684211,7015
2025-02,Tous,T2,3428.5714285714284,12604
2025-02,Tous,T3,2647.0588235294117,17272
2025-02,Tous,T4,2337.6623376623374,17782
2025-02,Tous,T5+,2142.8571428571427,16783
2025-02,Tous,Tous,2612.5,71563
2025-03,Appartement,Studio,4750.0,7666
2025-03,Appartement,T2,3913.0434782608695,12806
2025-03,Appartement,T3,3225.8064516129034,12126
2025-03,Appartement,T4,2769.230769230769,6181
2025-03,Appartement,T5+,2820.5128205128203,2047
2025-03,Appartement,Tous,3591.0795454545455,40888
2025-03,Maison,Studio,2500.0,1433
2025-03,Maison,T2,2215.5172413793102,3603
2025-03,Maison,T3,2169.811320754717,9515
2025-03,Maison,T4,2253.968253968254,15519
2025-03,Maison,T5+,2125.0,19070
2025-03,Maison,Tous,2187.386363636364,49212
2025-03,Tous,Studio,4450.0,9099
2025-03,Tous,T2,3557.3333333333335,16409
2025-03,Tous,T3,2728.5714285714284,21641
2025-03,Tous,T4,2365.4551583841903,21700
2025-03,Tous,T5+,2168.6746987951806,21117
2025-03,Tous,Tous,2687.5,90100
2025-04,Appartement,Studio,4462.731481481482,7126
2025-04,Appartement,T2,3700.0,11803
2025-04,Appartement,T3,3095.2380952380954,11690
2025-04,Appartement,T4,2614.285714285714,6073
2025-04,Appartement,T5+,2559.782608695652,1781
2025-04,Appartement,Tous,3388.8888888888887,38547
2025-04,Maison,Studio,2600.0,1290
2025-04,Maison,T2,2236.842105263158,3570
2025-04,Maison,T3,2133.3333333333335,9245
2025-04,Maison,T4,2236.842105263158,16175
2025-04,Maison,T5+,2118.994198846759,19334
2025-04,Maison,Tous,2176.8707482993195,49675
2025-04,Tous,Studio,4237.763947368421,8416
2025-04,Tous,T2,3416.6666666666665,15373
2025-04,Tous,T3,2641.791044776119,20935
2025-04,Tous,T4,2320.5128205128203,22248
2025-04,Tous,T5+,2143.359375,21115
2025-04,Tous,Tous,2602.175170068027,88222
2025-05,Appartement,Studio,4500.0,5669
2025-05,Appartement,T2,3717.948717948718,9234
2025-05,Appartement,T3,3057.377049180328,9057
2025-05,Appartement,T4,2600.0,4727
2025-05,Appartement,T5+,2614.1439205955335,1438
2025-05,Appartement,Tous,3384.375,30167
2025-05,Maison,Studio,2775.0,1163
2025-05,Maison,T2,2101.449275362319,2704
2025-05,Maison,T3,2126.4367816091954,7272
2025-05,Maison,T4,2210.101867572156,12300
2025-05,Maison,T5+,2045.4545454545455,14520
2025-05,Maison,Tous,2131.800563777308,38024
2025-05,Tous,Studio,4325.1,6832
2025-05,Tous,T2,3417.7893309222422,11938
2025-05,Tous,T3,2606.3829787234044,16329
2025-05,Tous,T4,2300.0,17027
2025-05,Tous,T5+,2081.7692307692305,15958
2025-05,Tous,Tous,2564.102564102564,68191
2025-06,Appartement,Studio,4666.666666666667,7661
2025-06,Appartement,T2,3866.6666666666665,12895
2025-06,Appartement,T3,3250.0,12624
2025-06,Appartement,T4,2798.6666666666665,6611
2025-06,Appartement,T5+,2704.081632653061,2135
2025-06,Appartement,Tous,3571.4285714285716,41995
2025-06,Maison,Studio,2678.5714285714284,1363
2025-06,Maison,T2,3172.742336371168,4520
2025-06,Maison,T3,2750.0,12784
2025-06,Maison,T4,2323.188847235239,17792
2025-06,Maison,T5+,2176.470588235294,20599
2025-06,Maison,Tous,2353.846153846154,57114
2025-06,Tous,Studio,4456.93253968254,9024
2025-06,Tous,T2,3771.4285714285716,17415
2025-06,Tous,T3,3042.8571428571427,25408
2025-06,Tous,T4,2422.680412371134,24403
2025-06,Tous,T5+,2211.577311577312,22734
2025-06,Tous,Tous,2790.6976744186045,99109
2025-07,Appartement,Studio,4791.666666666667,9075
2025-07,Appartement,T2,3856.1076604554864,14652
2025-07,Appartement,T3,3305.084745762712,14577
2025-07,Appartement,T4,2904.301075268817,7716
2025-07,Appartement,T5+,2816.6666666666665,2399
2025-07,Appartement,Tous,3617.021276595745,48501
2025-07,Maison,Studio,2600.0,1671
2025-07,Maison,T2,2358.1926514399206,4440
2025-07,Maison,T3,2206.9014084507044,12042
2025-07,Maison,T4,2313.6931620964942,21548
2025-07,Maison,T5+,2212.5,27778
2025-07,Maison,Tous,2255.6390977443607,67550
2025-07,Tous,Studio,4500.0,10746
2025-07,Tous,T2,3536.909704203425,19092
2025-07,Tous,T3,2770.8333333333335,26619
2025-07,Tous,T4,2437.5,29264
2025-07,Tous,T5+,2242.4242424242425,30177
2025-07,Tous,Tous,2690.625,116051
2025-08,Appartement,Studio,4333.333333333333,5123
2025-08,Appartement,T2,3666.6666666666665,8151
2025-08,Appartement,T3,3130.9859154929577,8109
2025-08,Appartement,T4,2708.7614919884427,4094
2025-08,Appartement,T5+,2477.8761061946902,1273
2025-08,Appartement,Tous,3389.0243902439024,26795
2025-08,Maison,Studio,2857.1428571428573,1100
2025-08,Maison,T2,2315.7894736842104,2775
2025-08,Maison,T3,2193.548387096774,8174
2025-08,Maison,T4,2281.4850323624596,14410
2025-08,Maison,T5+,2200.0,18356
2025-08,Maison,Tous,2236.842105263158,44867
2025-08,Tous,Studio,4120.0,6223
2025-08,Tous,T2,3385.5400696864112,10926
2025-08,Tous,T3,2637.9310344827586,16283
2025-08,Tous,T4,2360.0,18504
2025-08,Tous,T5+,2211.818181818182,19629
2025-08,Tous,Tous,2575.0,71662
2025-09,Appartement,Studio,4888.064516129032,8303
2025-09,Appartement,T2,4020.8333333333335,13817
2025-09,Appartement,T3,3281.25,12685
2025-09,Appartement,T4,2796.638655462185,6299
2025-09,Appartement,T5+,2725.705329153605,2006
2025-09,Appartement,Tous,3667.190476190476,43192
2025-09,Maison,Studio,2451.3627819548874,1482
2025-09,Maison,T2,2252.049180327869,3892
2025-09,Maison,T3,2218.181818181818,10557
2025-09,Maison,T4,2302.6315789473683,18469
2025-09,Maison,T5+,2175.0,21501
2025-09,Maison,Tous,2237.0689655172414,55969
2025-09,Tous,Studio,4600.0,9785
2025-09,Tous,T2,3666.6666666666665,17709
2025-09,Tous,T3,2758.8930722891564,23242
2025-09,Tous,T4,2398.3867766071153,24768
2025-09,Tous,T5+,2207.2072072072074,23507
2025-09,Tous,Tous,2723.076923076923,99161
2025-10,Appartement,Studio,4838.709677419355,7703
2025-10,Appartement,T2,3930.232558139535,12569
2025-10,Appartement,T3,3235.8288770053477,11850
2025-10,Appartement,T4,2820.0,6017
2025-10,Appartement,T5+,2722.1326164874554,1922
2025-10,Appartement,Tous,3607.843137254902,40116
2025-10,Maison,Studio,2708.3333333333335,1500
2025-10,Maison,T2,2333.3333333333335,3885
2025-10,Maison,T3,2149.766355140187,10750
2025-10,Maison,T4,2264.1509433962265,18113
2025-10,Maison,T5+,2175.493479886968,21548
2025-10,Maison,Tous,2220.183486238532,55869
2025-10,Tous,Studio,4565.217391304348,9203
2025-10,Tous,T2,3575.378787878788,16454
2025-10,Tous,T3,2687.5,22600
2025-10,Tous,T4,2370.2501202501203,24130
2025-10,Tous,T5+,2207.5498575498577,23470
2025-10,Tous,Tous,2669.902912621359,95985
2025-11,Appartement,Studio,4523.809523809524,6108
2025-11,Appartement,T2,3809.5238095238096,10006
2025-11,Appartement,T3,3147.327391058291,9492
2025-11,Appartement,T4,2659.574468085106,4715
2025-11,Appartement,T5+,2721.1830535571544,1526
2025-11,Appartement,Tous,3486.3466915191057,31894
2025-11,Maison,Studio,2500.0,1243
2025-11,Maison,T2,2301.4285714285716,3210
2025-11,Maison,T3,2150.0,8502
2025-11,Maison,T4,2232.820643842616,14022
2025-11,Maison,T5+,2086.9565217391305,16228
2025-11,Maison,Tous,2166.6666666666665,43275
2025-11,Tous,Studio,4256.09756097561,7351
2025-11,Tous,T2,3478.2608695652175,13216
2025-11,Tous,T3,2650.0,17994
2025-11,Tous,T4,2315.7894736842104,18737
2025-11,Tous,T5+,2119.7340650063315,17754
2025-11,Tous,Tous,2608.022988505747,75169
2025-12,Appartement,Studio,4916.666666666667,8824
2025-12,Appartement,T2,4042.553191489362,14560
2025-12,Appartement,T3,3585.714285714286,14323
2025-12,Appartement,T4,3080.7349878514406,7136
2025-12,Appartement,T5+,3039.8860398860397,2174
2025-12,Appartement,Tous,3852.962962962963,47093
2025-12,Maison,Studio,2500.0,1562
2025-12,Maison,T2,2250.6100713012474,4114
2025-12,Maison,T3,2200.0,11067
2025-12,Maison,T4,2235.294117647059,17973
2025-12,Maison,T5+,2131.1475409836066,21280
2025-12,Maison,Tous,2190.0621118012423,56079
2025-12,Tous,Studio,4611.805555555556,10386
2025-12,Tous,T2,3658.5365853658536,18674
2025-12,Tous,T3,2884.6153846153848,25390
2025-12,Tous,T4,2394.9579831932774,25109
2025-12,Tous,T5+,2173.913043478261,23454
2025-12,Tous,Tous,2757.6240856844306,103172
